otonomi	Güncelleme Tarihi: Özerklik olarak kullanılan	otonomi	 bir bireyin veya bir ülkenin bağımsız karar verme bilinçli ve zorlanmadan karar verme yetisi olarak
otonomi	ir ülkenin bağımsız karar verme bilinçli ve zorlanmadan karar verme yetisi olarak kullanılmaktadır.	Otonomi	 Nedir? Otonomi kelime manası özerklik olarak kullanılmaktadır. Politika, gelişim psikolojisi, felse
otonomi	msız karar verme bilinçli ve zorlanmadan karar verme yetisi olarak kullanılmaktadır. Otonomi Nedir?	Otonomi	 kelime manası özerklik olarak kullanılmaktadır. Politika, gelişim psikolojisi, felsefe ve ahlaki bi
otonomi	 Politika, gelişim psikolojisi, felsefe ve ahlaki bir terim olarak yaygın şekilde kullanılmaktadır.	Otonomi	 ülkeler bazında ülkenin kendi iç ve dış politikasında bağımsız karar vermesi olarak da kullanılan b
otonomi	da ülkenin kendi iç ve dış politikasında bağımsız karar vermesi olarak da kullanılan bir kelimedir.	Otonomi	 Anlamı Nedir? Otonomi kelime manası olarak auto ve nomos kelimelerinin birleşmesinden oluşmaktadır.
otonomi	 dış politikasında bağımsız karar vermesi olarak da kullanılan bir kelimedir. Otonomi Anlamı Nedir?	Otonomi	 kelime manası olarak auto ve nomos kelimelerinin birleşmesinden oluşmaktadır. Otonomi kelimesi birç
otonomi	Anlamı Nedir? Otonomi kelime manası olarak auto ve nomos kelimelerinin birleşmesinden oluşmaktadır.	Otonomi	 kelimesi birçok alanda kendi kendine kara verebilme yetisi olarak belirlenen bir ölçüt olarak da ku
otonomi	ahip olduktan sonra o konu ile ilgili karar verebilme yetisine sahip olmak olarak da bilinmektedir.	Otonomi	 kavramında bağımsız karar verme mekanizmasına sahip olmak gerekmektedir. Bilinçli şekilde bireyin k
otonomi	mekanizmasına sahip olmak gerekmektedir. Bilinçli şekilde bireyin kendine özgü karar verebilmesi de	otonomi	 konusunu kapsamaktadır. Otonomi kullanılan alanlar özellikle politika ve gelişim psikolojisi, biyoe
otonomi	ektedir. Bilinçli şekilde bireyin kendine özgü karar verebilmesi de otonomi konusunu kapsamaktadır.	Otonomi	 kullanılan alanlar özellikle politika ve gelişim psikolojisi, biyoetik felsefe konularında geniş ye
otonomi	anlar özellikle politika ve gelişim psikolojisi, biyoetik felsefe konularında geniş yer almaktadır.	Otonomi	 bir karar konusunda kişinin zorlanmadan özgürce karar vermesini ve karar neticesinde sorumluluğu ke
otonomi	 iradesiyle seçerek karar verebilmesi ve zorlanmadan ortaya koyması olarak örnek verilebilmektedir.	Otonomi	 kavramı tam olarak özerklik kavramı ile birebir örtüşen bir kelimedir. Günlük hayatta özerklik olar
otonomi	nlük hayatta özerklik olarak kullanılması daha yaygın olmaktadır. İnceleme ve araştırma konularında	otonomi	 olarak yer almaktadır.
özerklik	Güncelleme Tarihi:	Özerklik	 olarak kullanılan otonomi bir bireyin veya bir ülkenin bağımsız karar verme bilinçli ve zorlanmadan
özerklik	çli ve zorlanmadan karar verme yetisi olarak kullanılmaktadır. Otonomi Nedir? Otonomi kelime manası	özerklik	 olarak kullanılmaktadır. Politika, gelişim psikolojisi, felsefe ve ahlaki bir terim olarak yaygın ş
özerklik	erebilmesi ve zorlanmadan ortaya koyması olarak örnek verilebilmektedir. Otonomi kavramı tam olarak	özerklik	 kavramı ile birebir örtüşen bir kelimedir. Günlük hayatta özerklik olarak kullanılması daha yaygın
özerklik	edir. Otonomi kavramı tam olarak özerklik kavramı ile birebir örtüşen bir kelimedir. Günlük hayatta	özerklik	 olarak kullanılması daha yaygın olmaktadır. İnceleme ve araştırma konularında otonomi olarak yer al
