item	total	count part-1	specif part-1	count part-2	specif part-2
	15511		5354		10157
ve	473	157	-1.49	316	1.49
özerklik	442	23	-50.55	419	50.55
bir	337	151	4.73	186	-4.73
otonomi	285	266	98.86	19	-98.86
bu	156	51	-1.22	105	1.22
olarak	142	56	1.49	86	-1.49
yerel	122	2	-19.22	120	19.22
da	116	38	-1.14	78	1.14
de	110	31	-1.51	79	1.51
için	110	40	1.14	70	-1.14
ile	103	32	-1.19	71	1.19
özerkliği	83	0	-15.31	83	15.31
kendi	77	35	1.89	42	-1.89
değiştir	70	10	-4.07	60	4.07
ya	66	23	0.99	43	0.99
daha	64	26	1.22	38	-1.22
avrupa	62	0	-11.43	62	11.43
demokratik	48	1	-7.44	47	7.44
olan	47	21	1.38	26	-1.38
yönetimler	47	0	-8.66	47	8.66
gibi	45	17	0.96	28	-0.96
bağımsız	39	20	1.90	19	-1.90
karar	38	26	4.79	12	-4.79
n	37	4	-3.10	33	3.10
özerk	37	2	-4.54	35	4.54
kaynağı	36	5	-2.44	31	2.44
otonom	36	31	9.68	5	-9.68
1	34	7	-1.47	27	1.47
veya	34	7	-1.47	27	1.47
en	33	15	1.22	18	-1.22
değildir	33	24	5.16	9	-5.16
her	31	8	-1.03	23	1.03
şekilde	31	15	1.39	16	-1.39
dil	30	25	7.33	5	-7.33
bazı	30	7	-1.15	23	1.15
sahip	30	13	1.05	17	-1.05
ortaya	29	9	-0.83	20	0.83
tarafından	28	4	-1.95	24	1.95
göre	28	4	-1.95	24	1.95
olmak	28	17	2.55	11	-2.55
olduğu	28	5	-1.55	23	1.55
yılında	28	1	-3.98	27	3.98
ancak	27	11	0.91	16	-0.91
çok	27	8	-0.84	19	0.84
yeni	26	9	0.79	17	0.79
türkiye	25	2	-2.68	23	2.68
bölgesel	24	1	-3.31	23	3.31
verme	24	16	3.00	8	-3.00
9	23	15	2.71	8	-2.71
te	23	2	-2.38	21	2.38
öğrenme	23	23	10.64	0	-10.64
değil	23	16	3.29	7	-3.29
ifade	23	9	0.82	14	-0.82
hareket	23	7	-0.79	16	0.79
idari	23	0	-4.23	23	4.23
yönetimlerin	23	0	-4.23	23	4.23
sonra	22	8	0.76	14	-0.76
büyük	22	8	0.76	14	-0.76
farklı	22	7	0.76	15	0.76
kendini	22	15	2.99	7	-2.99
içinde	22	2	-2.24	20	2.24
yönetim	22	0	-4.05	22	4.05
2	21	5	-0.94	16	0.94
birliği	21	1	-2.82	20	2.82
kelimeler	21	21	9.71	0	-9.71
ilan	21	4	-1.20	17	1.20
3	20	6	-0.76	14	0.76
etti	20	3	-1.46	17	1.46
tam	20	6	-0.76	14	0.76
temel	20	6	-0.76	14	0.76
ne	20	9	0.96	11	-0.96
tarihinde	20	4	-1.10	16	1.10
özerkliğin	20	0	-3.68	20	3.68
görünüm	19	5	-0.82	14	0.82
açısından	19	2	-1.82	17	1.82
iki	19	4	-1.02	15	1.02
nedir	19	10	1.31	9	-1.31
diğer	18	10	1.45	8	-1.45
i	18	8	0.89	10	-0.89
sadece	18	15	4.57	3	-4.57
eden	18	8	0.89	10	-0.89
tüm	18	4	-0.94	14	0.94
kişi	18	9	1.13	9	-1.13
tarihi	18	5	-0.77	13	0.77
bireyin	18	14	3.72	4	-3.72
ilgili	18	1	-2.33	17	2.33
bölge	18	0	-3.31	18	3.31
türkçe	17	13	3.37	4	-3.37
özellikle	17	12	2.67	5	-2.67
yüksek	17	11	2.09	6	-2.09
e	17	2	-1.55	15	1.55
son	17	7	0.78	10	-0.78
karşı	17	7	0.78	10	-0.78
özgürlük	17	3	-1.13	14	1.13
anlamına	17	4	-0.86	13	0.86
akademik	17	1	-2.17	16	2.17
türk	17	3	-1.13	14	1.13
mali	17	0	-3.13	17	3.13
şartı	17	0	-3.13	17	3.13
yapay	16	15	5.91	1	-5.91
ise	16	7	0.83	9	-0.83
yer	16	4	-0.79	12	0.79
4	16	8	1.06	8	-1.06
arasında	16	3	-1.03	13	1.03
nisan	16	8	1.06	8	-1.06
kabul	16	1	-2.02	15	2.02
ayrıca	16	3	-1.03	13	1.03
ulus	16	2	-1.42	14	1.42
siyasi	16	2	-1.42	14	1.42
hem	16	2	-1.42	14	1.42
geniş	15	6	0.73	9	-0.73
5	15	4	-0.74	11	0.74
demek	15	11	2.68	4	-2.68
merkezi	15	1	-1.86	14	1.86
10	15	2	-1.29	13	1.29
k	15	6	0.73	9	-0.73
nin	15	12	3.44	3	-3.44
başka	15	8	1.17	7	-1.17
devlet	15	1	-1.86	14	1.86
kavramı	15	6	0.73	9	-0.73
edildi	15	1	-1.86	14	1.86
zaman	15	2	-1.29	13	1.29
ülkenin	15	4	-0.74	11	0.74
özerkliğe	15	0	-2.76	15	2.76
günü	15	0	-2.76	15	2.76
11	14	5	0.66	9	0.66
o	14	11	3.07	3	-3.07
b	14	4	-0.69	10	0.69
a	14	4	-0.69	10	0.69
fazla	14	3	-0.85	11	0.85
oldu	14	5	0.66	9	0.66
arşivlendi	14	4	-0.69	10	0.69
yerine	14	8	1.32	6	-1.32
kamu	14	2	-1.17	12	1.17
devletin	14	1	-1.71	13	1.71
üzerinden	14	1	-1.71	13	1.71
ekim	13	1	-1.56	12	1.56
ye	13	9	2.04	4	-2.04
üzere	13	10	2.72	3	-2.72
dış	13	4	0.65	9	0.65
kendine	13	8	1.51	5	-1.51
öz	13	4	0.65	9	0.65
vardır	13	3	-0.77	10	0.77
öğreniminde	13	13	6.01	0	-6.01
genel	13	4	0.65	9	0.65
böylece	13	2	-1.05	11	1.05
hük	13	0	-2.39	13	2.39
statüsü	13	0	-2.39	13	2.39
galiçya	13	0	-2.39	13	2.39
cumhuriyeti	13	0	-2.39	13	2.39
osmanlı	13	0	-2.39	13	2.39
geri	12	8	1.74	4	-1.74
çıkan	12	7	1.25	5	-1.25
m	12	7	1.25	5	-1.25
aynı	12	8	1.74	4	-1.74
yani	12	8	1.74	4	-1.74
sınıf	12	11	4.19	1	-4.19
söz	12	2	-0.94	10	0.94
doğrultusunda	12	3	-0.70	9	0.70
durumdan	12	8	1.74	4	-1.74
s	12	7	1.25	5	-1.25
önem	12	2	-0.94	10	0.94
eğitim	12	6	0.91	6	-0.91
konusunda	12	3	-0.70	9	0.70
önce	12	8	1.74	4	-1.74
olması	12	1	-1.41	11	1.41
1936	12	1	-1.41	11	1.41
birlikte	12	3	-0.70	9	0.70
1970	12	0	-2.21	12	2.21
mart	12	0	-2.21	12	2.21
yapılan	11	2	-0.84	9	0.84
önemli	11	6	1.03	5	-1.03
alan	11	4	0.62	7	0.62
bağlı	11	3	-0.64	8	0.64
yönetebilme	11	8	2.03	3	-2.03
yetisi	11	8	2.03	3	-2.03
muhtariyet	11	7	1.45	4	-1.45
dolayısıyla	11	5	0.75	6	-0.75
olma	11	3	-0.64	8	0.64
15	11	1	-1.26	10	1.26
anlamı	11	3	-0.64	8	0.64
yasa	11	1	-1.26	10	1.26
altında	11	4	0.62	7	0.62
macar	11	0	-2.02	11	2.02
sekel	11	0	-2.02	11	2.02
2016	11	0	-2.02	11	2.02
i̇spanya	11	0	-2.02	11	2.02
zeka	10	9	3.34	1	-3.34
t	10	3	0.59	7	0.59
stratejik	10	6	1.19	4	-1.19
şu	10	4	0.63	6	-0.63
tek	10	6	1.19	4	-1.19
uygun	10	3	0.59	7	0.59
şey	10	10	4.62	0	-4.62
kadar	10	2	-0.74	8	0.74
birçok	10	5	0.83	5	-0.83
kullanılan	10	8	2.41	2	-2.41
erişim	10	4	0.63	6	-0.63
si	10	9	3.34	1	-3.34
etnik	10	1	-1.12	9	1.12
ulusal	10	2	-0.74	8	0.74
hiçbir	10	2	-0.74	8	0.74
belirli	10	6	1.19	4	-1.19
25	10	4	0.63	6	-0.63
yeniden	10	4	0.63	6	-0.63
ele	10	5	0.83	5	-0.83
ni	10	1	-1.12	9	1.12
uygulamaları	10	1	-1.12	9	1.12
aile	10	2	-0.74	8	0.74
olmuştur	10	0	-1.84	10	1.84
düzenle	9	7	2.05	2	-2.05
sırp	9	6	1.40	3	-1.40
ler	9	5	0.94	4	-0.94
r	9	2	-0.65	7	0.65
durum	9	3	0.56	6	0.56
ilk	9	5	0.94	4	-0.94
biten	9	9	4.16	0	-4.16
ama	9	2	-0.65	7	0.65
olmadan	9	6	1.40	3	-1.40
öne	9	3	0.56	6	0.56
sözcüğü	9	8	2.93	1	-2.93
merkez	9	2	-0.65	7	0.65
kürtler	9	1	-0.98	8	0.98
irak	9	1	-0.98	8	0.98
yönetimi	9	2	-0.65	7	0.65
bilinçli	9	6	1.40	3	-1.40
gelişim	9	6	1.40	3	-1.40
ülkeler	9	1	-0.98	8	0.98
iyi	9	4	0.67	5	-0.67
den	9	6	1.40	3	-1.40
g	9	2	-0.65	7	0.65
kurumsal	9	1	-0.98	8	0.98
özel	9	1	-0.98	8	0.98
gündeme	9	0	-1.66	9	1.66
antlaşması	9	0	-1.66	9	1.66
meti	9	0	-1.66	9	1.66
bölücü	9	0	-1.66	9	1.66
şartının	9	0	-1.66	9	1.66
moldova	9	0	-1.66	9	1.66
h	8	5	1.11	3	-1.11
bizans'ta	8	6	1.69	2	-1.69
memleketlerini	8	6	1.69	2	-1.69
zapt	8	6	1.69	2	-1.69
hale	8	6	1.69	2	-1.69
bireysel	8	7	2.52	1	-2.52
kısa	8	3	0.56	5	0.56
sistemi	8	4	0.74	4	-0.74
görev	8	5	1.11	3	-1.11
kelime	8	6	1.69	2	-1.69
sözcüğünden	8	6	1.69	2	-1.69
sözcük	8	3	0.56	5	0.56
2024	8	8	3.70	0	-3.70
kaynağından	8	4	0.74	4	-0.74
altına	8	1	-0.85	7	0.85
in	8	3	0.56	5	0.56
zorlanmadan	8	5	1.11	3	-1.11
kullanılmaktadır	8	6	1.69	2	-1.69
psikolojisi	8	7	2.52	1	-2.52
yaygın	8	2	-0.58	6	0.58
gelen	8	1	-0.85	7	0.85
kavramının	8	4	0.74	4	-0.74
1991	8	3	0.56	5	0.56
anlamda	8	4	0.74	4	-0.74
devam	8	1	-0.85	7	0.85
işlerini	8	2	-0.58	6	0.58
an	8	2	-0.58	6	0.58
serbest	8	1	-0.85	7	0.85
2014	8	0	-1.47	8	1.47
yasalar	8	0	-1.47	8	1.47
kapsar	8	0	-1.47	8	1.47
belirlenmiş	8	0	-1.47	8	1.47
yönetimlere	8	0	-1.47	8	1.47
yönetimin	8	0	-1.47	8	1.47
bölgede	8	0	-1.47	8	1.47
onların	8	0	-1.47	8	1.47
land	8	0	-1.47	8	1.47
eyalet	8	0	-1.47	8	1.47
bütün	8	0	-1.47	8	1.47
devletler	8	0	-1.47	8	1.47
madde	7	1	-0.72	6	0.72
ettilerse	7	5	1.36	2	-1.36
hazır	7	7	3.23	0	-3.23
28	7	1	-0.72	6	0.72
olduğunu	7	5	1.36	2	-1.36
garanti	7	3	0.58	4	-0.58
12	7	1	-0.72	6	0.72
kara	7	6	2.11	1	-2.11
insan	7	3	0.58	4	-0.58
geleceğin	7	7	3.23	0	-3.23
isteyen	7	1	-0.72	6	0.72
savunma	7	4	0.86	3	-0.86
başkanı	7	4	0.86	3	-0.86
başlayan	7	7	3.23	0	-3.23
açıktır	7	3	0.58	4	-0.58
bulunan	7	3	0.58	4	-0.58
alanı	7	5	1.36	2	-1.36
kritik	7	6	2.11	1	-2.11
türkiye’nin	7	4	0.86	3	-0.86
verilen	7	1	-0.72	6	0.72
elde	7	4	0.86	3	-0.86
gelir	7	3	0.58	4	-0.58
iç	7	4	0.86	3	-0.86
siyaset	7	3	0.58	4	-0.58
yapısını	7	2	0.52	5	0.52
talepleri	7	2	0.52	5	0.52
talep	7	5	1.36	2	-1.36
bağımsızlık	7	1	-0.72	6	0.72
tekrar	7	2	0.52	5	0.52
amacıyla	7	1	-0.72	6	0.72
sonrasında	7	4	0.86	3	-0.86
politika	7	6	2.11	1	-2.11
kelimelerinin	7	6	2.11	1	-2.11
kısaca	7	4	0.86	3	-0.86
bahsetmek	7	6	2.11	1	-2.11
aralık	7	2	0.52	5	0.52
adı	7	3	0.58	4	-0.58
bakış	7	3	0.58	4	-0.58
proleter	7	7	3.23	0	-3.23
durumda	7	2	0.52	5	0.52
döneminde	7	2	0.52	5	0.52
ortadan	7	4	0.86	3	-0.86
ayrı	7	2	0.52	5	0.52
kalan	7	2	0.52	5	0.52
gerekli	7	1	-0.72	6	0.72
d	7	1	-0.72	6	0.72
çünkü	7	4	0.86	3	-0.86
ortamı	7	4	0.86	3	-0.86
gelmez	7	1	-0.72	6	0.72
durumu	7	2	0.52	5	0.52
batı	7	1	-0.72	6	0.72
temsil	7	1	-0.72	6	0.72
sermaye	7	0	-1.29	7	1.29
l	7	0	-1.29	7	1.29
anlaşması	7	0	-1.29	7	1.29
20	7	0	-1.29	7	1.29
kürt	7	0	-1.29	7	1.29
üniversite	7	0	-1.29	7	1.29
personel	7	0	-1.29	7	1.29
üniversiteler	7	0	-1.29	7	1.29
bulunduğu	7	0	-1.29	7	1.29
nedenle	7	0	-1.29	7	1.29
resmi	7	0	-1.29	7	1.29
amacı	7	0	-1.29	7	1.29
siyasal	7	0	-1.29	7	1.29
romanya	7	0	-1.29	7	1.29
irak-kürt	7	0	-1.29	7	1.29
land'ın	7	0	-1.29	7	1.29
wayback	7	0	-1.29	7	1.29
machine	7	0	-1.29	7	1.29
sitesinde	7	0	-1.29	7	1.29
devleti	7	0	-1.29	7	1.29
tüzüğü	7	0	-1.29	7	1.29
bölgenin	7	0	-1.29	7	1.29
hukuki	7	0	-1.29	7	1.29
görülmektedir	7	0	-1.29	7	1.29
yasal	7	0	-1.29	7	1.29
gagavuz	7	0	-1.29	7	1.29
2017	7	0	-1.29	7	1.29
li	6	4	1.04	2	-1.04
ettiler	6	4	1.04	2	-1.04
yi	6	6	2.77	0	-2.77
müddet	6	4	1.04	2	-1.04
fransızca	6	5	1.72	1	-1.72
7	6	2	0.48	4	0.48
zek	6	6	2.77	0	-2.77
teknoloji	6	5	1.72	1	-1.72
bilinen	6	2	0.48	4	0.48
gönüllü	6	4	1.04	2	-1.04
i̇	6	6	2.77	0	-2.77
geçen	6	5	1.72	1	-1.72
tamamen	6	5	1.72	1	-1.72
tarihten	6	6	2.77	0	-2.77
itibaren	6	6	2.77	0	-2.77
yalnızca	6	3	0.64	3	-0.64
operasyonel	6	6	2.77	0	-2.77
oluşturan	6	1	-0.60	5	0.60
sahibi	6	1	-0.60	5	0.60
i̇lk	6	2	0.48	4	0.48
ulaq	6	5	1.72	1	-1.72
gerçek	6	5	1.72	1	-1.72
edilen	6	3	0.64	3	-0.64
nomos	6	6	2.77	0	-2.77
örgüt	6	2	0.48	4	0.48
mevcut	6	5	1.72	1	-1.72
ı	6	2	0.48	4	0.48
kurumlar	6	1	-0.60	5	0.60
dayanan	6	1	-0.60	5	0.60
özgür	6	1	-0.60	5	0.60
bireylerin	6	6	2.77	0	-2.77
üniversitelere	6	1	-0.60	5	0.60
hareketleri	6	2	0.48	4	0.48
dışında	6	6	2.77	0	-2.77
burada	6	2	0.48	4	0.48
olmayan	6	4	1.04	2	-1.04
manası	6	5	1.72	1	-1.72
felsefe	6	4	1.04	2	-1.04
gerekmektedir	6	2	0.48	4	0.48
konularında	6	4	1.04	2	-1.04
kişinin	6	3	0.64	3	-0.64
özgürce	6	1	-0.60	5	0.60
hayatta	6	4	1.04	2	-1.04
öğrenci	6	5	1.72	1	-1.72
otonomisi	6	6	2.77	0	-2.77
kendileri	6	1	-0.60	5	0.60
sürecine	6	4	1.04	2	-1.04
herhangi	6	3	0.64	3	-0.64
uzun	6	2	0.48	4	0.48
i̇şçi	6	6	2.77	0	-2.77
işçi	6	6	2.77	0	-2.77
mayıs	6	3	0.64	3	-0.64
yol	6	2	0.48	4	0.48
meclis	6	1	-0.60	5	0.60
var	6	3	0.64	3	-0.64
olur	6	3	0.64	3	-0.64
yine	6	1	-0.60	5	0.60
bilimsel	6	1	-0.60	5	0.60
mobed	6	6	2.77	0	-2.77
olmalıdır	6	1	-0.60	5	0.60
eylül	6	1	-0.60	5	0.60
bunun	6	0	-1.10	6	1.10
ülke	6	0	-1.10	6	1.10
üzerinde	6	0	-1.10	6	1.10
6	6	0	-1.10	6	1.10
politik	6	0	-1.10	6	1.10
barış	6	0	-1.10	6	1.10
ağustos	6	0	-1.10	6	1.10
günümüzde	6	0	-1.10	6	1.10
yok	6	0	-1.10	6	1.10
edilir	6	0	-1.10	6	1.10
2020	6	0	-1.10	6	1.10
modelinde	6	0	-1.10	6	1.10
halkın	6	0	-1.10	6	1.10
kültürel	6	0	-1.10	6	1.10
yetki	6	0	-1.10	6	1.10
anayasa	6	0	-1.10	6	1.10
imzaya	6	0	-1.10	6	1.10
güçlendirilmesi	6	0	-1.10	6	1.10
durumunun	6	0	-1.10	6	1.10
halk	6	0	-1.10	6	1.10
şartı'nın	6	0	-1.10	6	1.10
konseyi	6	0	-1.10	6	1.10
26	6	0	-1.10	6	1.10
tarih	6	0	-1.10	6	1.10
saddam	6	0	-1.10	6	1.10
masum	6	0	-1.10	6	1.10
açıkça	6	0	-1.10	6	1.10
oyununa	6	0	-1.10	6	1.10
alt	5	3	0.75	2	-0.75
ad	5	4	1.33	1	-1.33
otonomiler	5	2	0.48	3	0.48
kısımlara	5	3	0.75	2	-0.75
autonomie	5	3	0.75	2	-0.75
katkı	5	5	2.31	0	-2.31
işbirlikçi	5	1	-0.50	4	0.50
yaklaşık	5	3	0.75	2	-0.75
hizmettir	5	1	-0.50	4	0.50
anlamıyla	5	1	-0.50	4	0.50
özellikleri	5	3	0.75	2	-0.75
iş	5	4	1.33	1	-1.33
gelişmiş	5	4	1.33	1	-1.33
sayesinde	5	5	2.31	0	-2.31
buna	5	1	-0.50	4	0.50
v	5	3	0.75	2	-0.75
ten	5	1	-0.50	4	0.50
kelimesi	5	5	2.31	0	-2.31
harfi	5	5	2.31	0	-2.31
alanlarda	5	3	0.75	2	-0.75
hazırlık	5	5	2.31	0	-2.31
sınıfları	5	5	2.31	0	-2.31
sınıfların	5	5	2.31	0	-2.31
çalışma	5	2	0.48	3	0.48
sürekli	5	3	0.75	2	-0.75
pek	5	3	0.75	2	-0.75
otonominin	5	4	1.33	1	-1.33
güvenlik	5	4	1.33	1	-1.33
başta	5	2	0.48	3	0.48
100	5	1	-0.50	4	0.50
uluslararası	5	3	0.75	2	-0.75
yönelik	5	2	0.48	3	0.48
aktif	5	4	1.33	1	-1.33
reddeden	5	3	0.75	2	-0.75
mos	5	2	0.48	3	0.48
sözlük	5	5	2.31	0	-2.31
eğer	5	2	0.48	3	0.48
milli	5	1	-0.50	4	0.50
ortak	5	4	1.33	1	-1.33
din	5	1	-0.50	4	0.50
vererek	5	3	0.75	2	-0.75
hlinka	5	1	-0.50	4	0.50
km	5	1	-0.50	4	0.50
mümkün	5	3	0.75	2	-0.75
ahlaki	5	2	0.48	3	0.48
vermesi	5	3	0.75	2	-0.75
kelimedir	5	3	0.75	2	-0.75
auto	5	5	2.31	0	-2.31
kullanılması	5	2	0.48	3	0.48
araştırma	5	3	0.75	2	-0.75
gerekirse	5	4	1.33	1	-1.33
ana	5	1	-0.50	4	0.50
kolayca	5	5	2.31	0	-2.31
davranış	5	5	2.31	0	-2.31
öğrenciler	5	4	1.33	1	-1.33
y	5	2	0.48	3	0.48
kavramından	5	3	0.75	2	-0.75
müdahale	5	2	0.48	3	0.48
üç	5	1	-0.50	4	0.50
gerektiğini	5	1	-0.50	4	0.50
bugün	5	2	0.48	3	0.48
kesin	5	2	0.48	3	0.48
sonucu	5	2	0.48	3	0.48
bile	5	4	1.33	1	-1.33
aslında	5	2	0.48	3	0.48
mücadele	5	4	1.33	1	-1.33
yönü	5	1	-0.50	4	0.50
tür	5	3	0.75	2	-0.75
etmek	5	2	0.48	3	0.48
birine	5	3	0.75	2	-0.75
bunu	5	3	0.75	2	-0.75
birey	5	5	2.31	0	-2.31
bununla	5	3	0.75	2	-0.75
dir	5	2	0.48	3	0.48
kaynaklar	5	2	0.48	3	0.48
kendilerine	5	1	-0.50	4	0.50
alanının	5	1	-0.50	4	0.50
dünya	5	2	0.48	3	0.48
uygulama	5	1	-0.50	4	0.50
arasındaki	5	0	-0.92	5	0.92
19	5	0	-0.92	5	0.92
bağımsızlığı	5	0	-0.92	5	0.92
haziran	5	0	-0.92	5	0.92
süre	5	0	-0.92	5	0.92
bölgesi	5	0	-0.92	5	0.92
üniversitelerin	5	0	-0.92	5	0.92
tehdit	5	0	-0.92	5	0.92
konusu	5	0	-0.92	5	0.92
üniversiteleri	5	0	-0.92	5	0.92
kaynakları	5	0	-0.92	5	0.92
idare	5	0	-0.92	5	0.92
bulunmaktadır	5	0	-0.92	5	0.92
i̇ngiltere	5	0	-0.92	5	0.92
üst	5	0	-0.92	5	0.92
almıştır	5	0	-0.92	5	0.92
kamuoyuna	5	0	-0.92	5	0.92
yerinden	5	0	-0.92	5	0.92
8	5	0	-0.92	5	0.92
fransa	5	0	-0.92	5	0.92
adıyla	5	0	-0.92	5	0.92
hakkı	5	0	-0.92	5	0.92
biçimde	5	0	-0.92	5	0.92
karşımıza	5	0	-0.92	5	0.92
çıkar	5	0	-0.92	5	0.92
1985	5	0	-0.92	5	0.92
açılan	5	0	-0.92	5	0.92
demokrasi	5	0	-0.92	5	0.92
baskı	5	0	-0.92	5	0.92
maddesinin	5	0	-0.92	5	0.92
21	5	0	-0.92	5	0.92
1992	5	0	-0.92	5	0.92
romanya'nın	5	0	-0.92	5	0.92
partisi	5	0	-0.92	5	0.92
anlaşma	5	0	-0.92	5	0.92
araya	5	0	-0.92	5	0.92
binlerce	5	0	-0.92	5	0.92
devletinin	5	0	-0.92	5	0.92
verilmiş	5	0	-0.92	5	0.92
doğrudan	5	0	-0.92	5	0.92
meclisi	5	0	-0.92	5	0.92
bölgeye	5	0	-0.92	5	0.92
benlik	5	0	-0.92	5	0.92
ağır	5	0	-0.92	5	0.92
belge	5	0	-0.92	5	0.92
18	5	0	-0.92	5	0.92
belirtme	4	3	0.97	1	-0.97
otonomiyi	4	3	0.97	1	-0.97
çoğulu	4	3	0.97	1	-0.97
kökenli	4	3	0.97	1	-0.97
konu	4	2	0.51	2	-0.51
dile	4	3	0.97	1	-0.97
getiren	4	3	0.97	1	-0.97
farklılıkların	4	1	0.41	3	0.41
veren	4	1	0.41	3	0.41
tehlikeli	4	1	0.41	3	0.41
üretim	4	4	1.85	0	-1.85
ai	4	4	1.85	0	-1.85
asistanlı	4	4	1.85	0	-1.85
dikkat	4	1	0.41	3	0.41
zamanda	4	3	0.97	1	-0.97
kavramlar	4	3	0.97	1	-0.97
ek	4	2	0.51	2	-0.51
özgürlüğü	4	2	0.51	2	-0.51
destekli	4	2	0.51	2	-0.51
takip	4	4	1.85	0	-1.85
et	4	3	0.97	1	-0.97
ileri	4	2	0.51	2	-0.51
i̇srail	4	1	0.41	3	0.41
programı	4	1	0.41	3	0.41
i̇çerisinde	4	4	1.85	0	-1.85
sonunda	4	1	0.41	3	0.41
yaklaşımının	4	1	0.41	3	0.41
salonu	4	4	1.85	0	-1.85
yürütülen	4	4	1.85	0	-1.85
derslerinde	4	4	1.85	0	-1.85
kararlaştırılacak	4	4	1.85	0	-1.85
açık	4	4	1.85	0	-1.85
sırasında	4	2	0.51	2	-0.51
dışarıdan	4	3	0.97	1	-0.97
hedefi	4	2	0.51	2	-0.51
hayat	4	4	1.85	0	-1.85
stm	4	4	1.85	0	-1.85
ölçüde	4	2	0.51	2	-0.51
olmasını	4	2	0.51	2	-0.51
as	4	3	0.97	1	-0.97
yapı	4	2	0.51	2	-0.51
autonom	4	2	0.51	2	-0.51
hiyerarşiyi	4	2	0.51	2	-0.51
üzerine	4	4	1.85	0	-1.85
kurulu	4	3	0.97	1	-0.97
muhtar	4	4	1.85	0	-1.85
yunanca	4	2	0.51	2	-0.51
auton	4	2	0.51	2	-0.51
yasalarını	4	2	0.51	2	-0.51
koyan	4	2	0.51	2	-0.51
nişanyan	4	4	1.85	0	-1.85
nazi	4	4	1.85	0	-1.85
serbestçe	4	1	0.41	3	0.41
harp	4	4	1.85	0	-1.85
yapma	4	1	0.41	3	0.41
merkezli	4	2	0.51	2	-0.51
modern	4	1	0.41	3	0.41
sistemler	4	4	1.85	0	-1.85
öncü	4	3	0.97	1	-0.97
harekete	4	4	1.85	0	-1.85
deyişle	4	4	1.85	0	-1.85
toplumsal	4	2	0.51	2	-0.51
ekonomik	4	2	0.51	2	-0.51
terim	4	2	0.51	2	-0.51
ettiğini	4	3	0.97	1	-0.97
yolculuk	4	4	1.85	0	-1.85
slovak	4	2	0.51	2	-0.51
yaptı	4	1	0.41	3	0.41
imzaladı	4	1	0.41	3	0.41
kasım	4	1	0.41	3	0.41
edenler	4	4	1.85	0	-1.85
olmadığı	4	1	0.41	3	0.41
ir	4	1	0.41	3	0.41
konusunu	4	2	0.51	2	-0.51
alanlar	4	3	0.97	1	-0.97
biyoetik	4	2	0.51	2	-0.51
örnek	4	1	0.41	3	0.41
p	4	2	0.51	2	-0.51
kural	4	1	0.41	3	0.41
açıklanabilen	4	4	1.85	0	-1.85
sabit	4	2	0.51	2	-0.51
yabancı	4	3	0.97	1	-0.97
sürecini	4	4	1.85	0	-1.85
kontrol	4	2	0.51	2	-0.51
kapasitesidir	4	2	0.51	2	-0.51
önemi	4	3	0.97	1	-0.97
david	4	3	0.97	1	-0.97
sonuç	4	3	0.97	1	-0.97
autonomy	4	3	0.97	1	-0.97
sürecinde	4	3	0.97	1	-0.97
robotik	4	3	0.97	1	-0.97
etmiştir	4	3	0.97	1	-0.97
türlü	4	2	0.51	2	-0.51
anlama	4	4	1.85	0	-1.85
i̇şçilerin	4	4	1.85	0	-1.85
rus	4	1	0.41	3	0.41
az	4	1	0.41	3	0.41
güç	4	3	0.97	1	-0.97
unsuru	4	2	0.51	2	-0.51
mahk	4	3	0.97	1	-0.97
grubun	4	3	0.97	1	-0.97
lı	4	1	0.41	3	0.41
sivil	4	1	0.41	3	0.41
donatılmış	4	3	0.97	1	-0.97
kaynak	4	1	0.41	3	0.41
ön	4	1	0.41	3	0.41
yıl	4	1	0.41	3	0.41
sınırlı	4	1	0.41	3	0.41
ilişkin	4	1	0.41	3	0.41
sağlığı	4	4	1.85	0	-1.85
neden	4	1	0.41	3	0.41
kaynakça	4	1	0.41	3	0.41
topluluk	4	1	0.41	3	0.41
tanınmış	4	1	0.41	3	0.41
aşamada	4	1	0.41	3	0.41
raporda	4	1	0.41	3	0.41
taleplerinin	4	1	0.41	3	0.41
dönemde	4	0	-0.74	4	0.74
ülkede	4	0	-0.74	4	0.74
döviz	4	0	-0.74	4	0.74
geldi	4	0	-0.74	4	0.74
kuruluşlar	4	0	-0.74	4	0.74
hiyerarşi	4	0	-0.74	4	0.74
adanın	4	0	-0.74	4	0.74
ederek	4	0	-0.74	4	0.74
olup	4	0	-0.74	4	0.74
al	4	0	-0.74	4	0.74
gerektiği	4	0	-0.74	4	0.74
olmaması	4	0	-0.74	4	0.74
genellikle	4	0	-0.74	4	0.74
düzeyde	4	0	-0.74	4	0.74
farklar	4	0	-0.74	4	0.74
engelleyen	4	0	-0.74	4	0.74
düzenlemeler	4	0	-0.74	4	0.74
sağlama	4	0	-0.74	4	0.74
personelin	4	0	-0.74	4	0.74
programların	4	0	-0.74	4	0.74
abd	4	0	-0.74	4	0.74
üniversitelerindeki	4	0	-0.74	4	0.74
anayasasında	4	0	-0.74	4	0.74
etkilemektedir	4	0	-0.74	4	0.74
sırada	4	0	-0.74	4	0.74
i̇ngilizce	4	0	-0.74	4	0.74
türkiye'nin	4	0	-0.74	4	0.74
yapısında	4	0	-0.74	4	0.74
reform	4	0	-0.74	4	0.74
bayrak	4	0	-0.74	4	0.74
1988	4	0	-0.74	4	0.74
kazanması	4	0	-0.74	4	0.74
birimlerde	4	0	-0.74	4	0.74
hayata	4	0	-0.74	4	0.74
şart	4	0	-0.74	4	0.74
kapsamı	4	0	-0.74	4	0.74
itibariyle	4	0	-0.74	4	0.74
ters	4	0	-0.74	4	0.74
yasalarla	4	0	-0.74	4	0.74
belirleme	4	0	-0.74	4	0.74
yüzden	4	0	-0.74	4	0.74
tanımlanmış	4	0	-0.74	4	0.74
çıkmış	4	0	-0.74	4	0.74
savunulması	4	0	-0.74	4	0.74
yetkilerinin	4	0	-0.74	4	0.74
güvence	4	0	-0.74	4	0.74
aşağıdaki	4	0	-0.74	4	0.74
benzeri	4	0	-0.74	4	0.74
maddi	4	0	-0.74	4	0.74
yürürlüğe	4	0	-0.74	4	0.74
ocak	4	0	-0.74	4	0.74
bölümler	4	0	-0.74	4	0.74
katalonya	4	0	-0.74	4	0.74
romanya'daki	4	0	-0.74	4	0.74
gösteri	4	0	-0.74	4	0.74
33	4	0	-0.74	4	0.74
2015	4	0	-0.74	4	0.74
14	4	0	-0.74	4	0.74
anayasaya	4	0	-0.74	4	0.74
üniter	4	0	-0.74	4	0.74
27	4	0	-0.74	4	0.74
resm	4	0	-0.74	4	0.74
i̇l	4	0	-0.74	4	0.74
1922	4	0	-0.74	4	0.74
kurumlarının	4	0	-0.74	4	0.74
psikolojik	4	0	-0.74	4	0.74
nasıl	4	0	-0.74	4	0.74
almak	4	0	-0.74	4	0.74
federal	4	0	-0.74	4	0.74
sonucunda	4	0	-0.74	4	0.74
kürdistan	4	0	-0.74	4	0.74
galiçya'nın	4	0	-0.74	4	0.74
bünyesinde	4	0	-0.74	4	0.74
1939	4	0	-0.74	4	0.74
bırakılırken	4	0	-0.74	4	0.74
katalan	4	0	-0.74	4	0.74
nahçıvan	4	0	-0.74	4	0.74
uygarlığını	4	0	-0.74	4	0.74
korumayı	4	0	-0.74	4	0.74
güneydoğu	4	0	-0.74	4	0.74
i̇mparatorluğu	4	0	-0.74	4	0.74
dikkate	4	0	-0.74	4	0.74
statüsünün	4	0	-0.74	4	0.74
ayakta	4	0	-0.74	4	0.74
içermektedir	4	0	-0.74	4	0.74
durumları	4	0	-0.74	4	0.74
statü	4	0	-0.74	4	0.74
devletlerin	4	0	-0.74	4	0.74
cumhuriyetinin	4	0	-0.74	4	0.74
projesinin	4	0	-0.74	4	0.74
artık	4	0	-0.74	4	0.74
türkiye’ye	4	0	-0.74	4	0.74
gene	4	0	-0.74	4	0.74
darbe	4	0	-0.74	4	0.74
çocuğun	4	0	-0.74	4	0.74
duygusal	4	0	-0.74	4	0.74
bağımlılık	4	0	-0.74	4	0.74
gizle	3	3	1.39	0	-1.39
köken	3	3	1.39	0	-1.39
vikisözlük	3	3	1.39	0	-1.39
sitesinden	3	3	1.39	0	-1.39
sözcükler	3	3	1.39	0	-1.39
ara	3	2	0.63	1	-0.63
komuta-kontrol	3	3	1.39	0	-1.39
alanlarındaki	3	3	1.39	0	-1.39
yetenekleriyle	3	3	1.39	0	-1.39
projelere	3	3	1.39	0	-1.39
sunacağını	3	3	1.39	0	-1.39
ünal	3	3	1.39	0	-1.39
açıl	3	3	1.39	0	-1.39
geliştirilen	3	2	0.63	1	-0.63
va	3	2	0.63	1	-0.63
basic	3	3	1.39	0	-1.39
hava	3	3	1.39	0	-1.39
çekti	3	2	0.63	1	-0.63
tesla	3	3	1.39	0	-1.39
beraberinde	3	1	0.35	2	0.35
sürede	3	3	1.39	0	-1.39
kullanıcı	3	3	1.39	0	-1.39
kontrolünü	3	2	0.63	1	-0.63
henüz	3	1	0.35	2	0.35
geliştirdiği	3	2	0.63	1	-0.63
ciddi	3	2	0.63	1	-0.63
oluşturma	3	1	0.35	2	0.35
denge	3	1	0.35	2	0.35
moda	3	3	1.39	0	-1.39
model	3	3	1.39	0	-1.39
müdahalesine	3	2	0.63	1	-0.63
kabiliyetleri	3	3	1.39	0	-1.39
ka	3	1	0.35	2	0.35
denetim	3	1	0.35	2	0.35
robot	3	2	0.63	1	-0.63
savaşı	3	1	0.35	2	0.35
savaş	3	1	0.35	2	0.35
otopark	3	3	1.39	0	-1.39
birinci	3	1	0.35	2	0.35
yemek	3	3	1.39	0	-1.39
kesinlikle	3	2	0.63	1	-0.63
öğrencileri	3	3	1.39	0	-1.39
olacaktır	3	2	0.63	1	-0.63
sınıfı	3	3	1.39	0	-1.39
sistemlerin	3	3	1.39	0	-1.39
arada	3	2	0.63	1	-0.63
alanda	3	3	1.39	0	-1.39
yapan	3	1	0.35	2	0.35
hepsi	3	2	0.63	1	-0.63
fiziksel	3	3	1.39	0	-1.39
unsur	3	1	0.35	2	0.35
sürü	3	3	1.39	0	-1.39
elektrikli	3	3	1.39	0	-1.39
araçlar	3	3	1.39	0	-1.39
topluluğu	3	3	1.39	0	-1.39
c-arf	3	3	1.39	0	-1.39
takım	3	3	1.39	0	-1.39
kaptanı	3	3	1.39	0	-1.39
toplu	3	1	0.35	2	0.35
ar	3	1	0.35	2	0.35
ortamda	3	2	0.63	1	-0.63
platform	3	3	1.39	0	-1.39
tasarım	3	3	1.39	0	-1.39
aut	3	2	0.63	1	-0.63
koruma	3	2	0.63	1	-0.63
aksine	3	1	0.35	2	0.35
sağlar	3	2	0.63	1	-0.63
iştir	3	2	0.63	1	-0.63
yö	3	2	0.63	1	-0.63
projeleri	3	1	0.35	2	0.35
siber	3	3	1.39	0	-1.39
alanlarına	3	3	1.39	0	-1.39
kapasitesine	3	3	1.39	0	-1.39
sistemleri	3	3	1.39	0	-1.39
gelişen	3	1	0.35	2	0.35
değerleri	3	2	0.63	1	-0.63
hakkına	3	1	0.35	2	0.35
fikrini	3	1	0.35	2	0.35
kavram	3	1	0.35	2	0.35
bi	3	2	0.63	1	-0.63
toplumu	3	2	0.63	1	-0.63
etmektedir	3	2	0.63	1	-0.63
görselleştirildi	3	3	1.39	0	-1.39
yoktu	3	3	1.39	0	-1.39
aldı	3	1	0.35	2	0.35
önünü	3	1	0.35	2	0.35
düzenledi	3	2	0.63	1	-0.63
amaç	3	3	1.39	0	-1.39
tesla’nın	3	3	1.39	0	-1.39
teknolojisini	3	3	1.39	0	-1.39
kürtlerin	3	1	0.35	2	0.35
oranda	3	2	0.63	1	-0.63
çatışmalar	3	1	0.35	2	0.35
istedikleri	3	1	0.35	2	0.35
örneğin	3	2	0.63	1	-0.63
önceden	3	2	0.63	1	-0.63
nedeniyle	3	1	0.35	2	0.35
olmaları	3	1	0.35	2	0.35
finlandiya	3	1	0.35	2	0.35
politikasında	3	3	1.39	0	-1.39
birleşmesinden	3	3	1.39	0	-1.39
oluşmaktadır	3	3	1.39	0	-1.39
verebilme	3	2	0.63	1	-0.63
özgü	3	2	0.63	1	-0.63
verebilmesi	3	3	1.39	0	-1.39
ke	3	1	0.35	2	0.35
birebir	3	1	0.35	2	0.35
örtüşen	3	1	0.35	2	0.35
günlük	3	1	0.35	2	0.35
olmaktadır	3	1	0.35	2	0.35
tanımı	3	2	0.63	1	-0.63
yapılmış	3	3	1.39	0	-1.39
öğretmenlerin	3	3	1.39	0	-1.39
ilişkisi	3	2	0.63	1	-0.63
öğretim	3	2	0.63	1	-0.63
yöntemi	3	3	1.39	0	-1.39
kalıcı	3	3	1.39	0	-1.39
yukarıda	3	3	1.39	0	-1.39
edebilme	3	2	0.63	1	-0.63
gerekir	3	1	0.35	2	0.35
sayede	3	2	0.63	1	-0.63
little	3	3	1.39	0	-1.39
haline	3	1	0.35	2	0.35
bilgi	3	3	1.39	0	-1.39
2018	3	3	1.39	0	-1.39
problems	3	3	1.39	0	-1.39
dublin	3	3	1.39	0	-1.39
authentik	3	3	1.39	0	-1.39
etkili	3	2	0.63	1	-0.63
öğrenicisi	3	3	1.39	0	-1.39
yapabileceği	3	3	1.39	0	-1.39
dair	3	2	0.63	1	-0.63
açısını	3	3	1.39	0	-1.39
kavramını	3	2	0.63	1	-0.63
gün	3	1	0.35	2	0.35
bilincinde	3	3	1.39	0	-1.39
liberteryen	3	2	0.63	1	-0.63
ç	3	1	0.35	2	0.35
i̇talyan	3	2	0.63	1	-0.63
önceki	3	1	0.35	2	0.35
etmeleri	3	2	0.63	1	-0.63
meclisinin	3	1	0.35	2	0.35
hala	3	1	0.35	2	0.35
edebilecek	3	2	0.63	1	-0.63
kötü	3	1	0.35	2	0.35
incelemek	3	2	0.63	1	-0.63
mil	3	2	0.63	1	-0.63
bağlamda	3	1	0.35	2	0.35
kontrollerinin	3	1	0.35	2	0.35
genişletilmesi	3	1	0.35	2	0.35
sorunu	3	2	0.63	1	-0.63
desteklediklerini	3	3	1.39	0	-1.39
düşmanlarıdır	3	3	1.39	0	-1.39
bildirilerinden	3	3	1.39	0	-1.39
eylem	3	2	0.63	1	-0.63
çerçevesi	3	1	0.35	2	0.35
hareketi	3	1	0.35	2	0.35
zıt	3	1	0.35	2	0.35
gelecektir	3	1	0.35	2	0.35
projesine	3	1	0.35	2	0.35
bağımlı	3	2	0.63	1	-0.63
teknolojidir	3	3	1.39	0	-1.39
koşulları	3	3	1.39	0	-1.39
yük	3	2	0.63	1	-0.63
kurallarını	3	1	0.35	2	0.35
ruh	3	3	1.39	0	-1.39
geçebilme	3	3	1.39	0	-1.39
becerisidir	3	3	1.39	0	-1.39
etmez	3	2	0.63	1	-0.63
şeklinde	3	1	0.35	2	0.35
sağlıklı	3	1	0.35	2	0.35
olmaz	3	1	0.35	2	0.35
kendisini	3	1	0.35	2	0.35
halini	3	1	0.35	2	0.35
sınırsız	3	3	1.39	0	-1.39
etmekte	3	1	0.35	2	0.35
başına	3	1	0.35	2	0.35
eski	3	1	0.35	2	0.35
birimi	3	2	0.63	1	-0.63
devrimi	3	2	0.63	1	-0.63
oluşturduğu	3	1	0.35	2	0.35
16	3	1	0.35	2	0.35
41	3	1	0.35	2	0.35
para	3	0	-0.55	3	0.55
kısıtlamalar	3	0	-0.55	3	0.55
yürütme	3	0	-0.55	3	0.55
old	3	0	-0.55	3	0.55
1938	3	0	-0.55	3	0.55
hayatını	3	0	-0.55	3	0.55
beri	3	0	-0.55	3	0.55
geçerli	3	0	-0.55	3	0.55
1990	3	0	-0.55	3	0.55
güçlü	3	0	-0.55	3	0.55
amerikan	3	0	-0.55	3	0.55
etkisi	3	0	-0.55	3	0.55
edilmesi	3	0	-0.55	3	0.55
meşru	3	0	-0.55	3	0.55
yönetimsel	3	0	-0.55	3	0.55
beraber	3	0	-0.55	3	0.55
ülkelerde	3	0	-0.55	3	0.55
bulunabilir	3	0	-0.55	3	0.55
olabilir	3	0	-0.55	3	0.55
belirleyen	3	0	-0.55	3	0.55
aykırı	3	0	-0.55	3	0.55
organizasyonel	3	0	-0.55	3	0.55
yapılanmayı	3	0	-0.55	3	0.55
kredi	3	0	-0.55	3	0.55
kullanma	3	0	-0.55	3	0.55
bina	3	0	-0.55	3	0.55
vb	3	0	-0.55	3	0.55
edilmeye	3	0	-0.55	3	0.55
başlandı	3	0	-0.55	3	0.55
görülmediği	3	0	-0.55	3	0.55
yerlere	3	0	-0.55	3	0.55
